<?xml version="1.0" encoding="UTF-8"?>
<DISS_submission publishing_option="0" embargo_code="4" third_party_search="Y">
  <DISS_authorship>
    <DISS_author type="primary">
      <DISS_name>
        <DISS_surname>Benetollo</DISS_surname>
        <DISS_fname>Chiara</DISS_fname>
        <DISS_middle/>
        <DISS_suffix/>
      </DISS_name>
      <DISS_contact type="future">
        <DISS_contact_effdt>12/22/2020</DISS_contact_effdt>
        <DISS_address>
          <DISS_addrline>3223 38th Street</DISS_addrline>
          <DISS_addrline>apt 2</DISS_addrline>
          <DISS_city>Astoria</DISS_city>
          <DISS_st>NY</DISS_st>
          <DISS_pcode>11103</DISS_pcode>
          <DISS_country>US</DISS_country>
        </DISS_address>
        <DISS_email>benetollochr@gmail.com</DISS_email>
      </DISS_contact>
      <DISS_citizenship/>
    </DISS_author>
  </DISS_authorship>
  <DISS_description page_count="245" type="doctoral" external_id="http://dissertations.umi.com/princeton:13586" apply_for_copyright="yes">
    <DISS_title>Languages of Reproduction: Childbirth, Pain and Women's Consciousness in the Soviet Union and Italy (1946-1958)</DISS_title>
    <DISS_dates>
      <DISS_comp_date>2021</DISS_comp_date>
      <DISS_accept_date>01/01/2020</DISS_accept_date>
    </DISS_dates>
    <DISS_degree>Ph.D.</DISS_degree>
    <DISS_institution>
      <DISS_inst_code>0181</DISS_inst_code>
      <DISS_inst_name>Princeton University</DISS_inst_name>
      <DISS_inst_contact>Comparative Literature</DISS_inst_contact>
      <DISS_processing_code>D</DISS_processing_code>
    </DISS_institution>
    <DISS_advisor>
      <DISS_name>
        <DISS_surname>Brooks</DISS_surname>
        <DISS_fname>Peter</DISS_fname>
        <DISS_middle/>
      </DISS_name>
    </DISS_advisor>
    <DISS_advisor>
      <DISS_name>
        <DISS_surname>Gordin</DISS_surname>
        <DISS_fname>Michael</DISS_fname>
        <DISS_middle/>
      </DISS_name>
    </DISS_advisor>
    <DISS_cmte_member>
      <DISS_name>
        <DISS_surname>Wampole</DISS_surname>
        <DISS_fname>Christy</DISS_fname>
        <DISS_middle/>
        <DISS_suffix/>
      </DISS_name>
    </DISS_cmte_member>
    <DISS_cmte_member>
      <DISS_name>
        <DISS_surname>Vinitsky</DISS_surname>
        <DISS_fname>Ilya</DISS_fname>
        <DISS_middle/>
        <DISS_suffix/>
      </DISS_name>
    </DISS_cmte_member>
    <DISS_cmte_member>
      <DISS_name>
        <DISS_surname>Reeves</DISS_surname>
        <DISS_fname>Eileen</DISS_fname>
        <DISS_middle/>
        <DISS_suffix/>
      </DISS_name>
    </DISS_cmte_member>
    <DISS_categorization>
      <DISS_category>
        <DISS_cat_code>0295</DISS_cat_code>
        <DISS_cat_desc>Comparative literature</DISS_cat_desc>
      </DISS_category>
      <DISS_category>
        <DISS_cat_code>0220</DISS_cat_code>
        <DISS_cat_desc>Italian literature</DISS_cat_desc>
      </DISS_category>
      <DISS_category>
        <DISS_cat_code>0314</DISS_cat_code>
        <DISS_cat_desc>Slavic literature</DISS_cat_desc>
      </DISS_category>
      <DISS_keyword>catholic church, childbirth, discourse, propaganda, psychoprophylaxis, public health</DISS_keyword>
      <DISS_language>en</DISS_language>
    </DISS_categorization>
  </DISS_description>
  <DISS_content>
    <DISS_abstract>
      <DISS_para>Languages of Reproduction: Childbirth, Pain and Women’s Consciousness in the Soviet Union and Italy (1946-1958) investigates the systems of topoi, images and metaphors that characterized Soviet, Italian Communist and Italian Catholic representations of reproduction in the early Cold War period. Building on Mikhail Bakhtin’s understanding of language and discourse, I interpret recurring formulae as the result of the crystallization of repeated quotations, increasingly removed from their original context, and I shed light on the ways in which the Soviet Government, the Italian Communist Party and the Catholic Church appropriated and resematicized each other’s topoi in an effort to maintain their primacy in the sphere of reproduction and differentiate their positions while sharing the core value of pronatalism.Through the analysis of literary texts, popular magazines and documents from the archives of medical and political institutions, this dissertation retraces the strategies adopted by Catholics and Communists in the Soviet Union and in Italy to consistently uphold pronatalist values when discussing all aspects of reproduction, from scientific debates on childbirth pain to popular magazines seeking to guide individual reproductive choices. Contrary to what the actors in this story have claimed, the Soviet, Italian Communist and Catholic languages of reproduction were neither monolithic nor static. They varied internally, adjusting to the boundaries of the genres and the relationship between speakers and audiences. They also evolved over time: in the decade following the end of the Second World War, the Communist Parties of Italy and the Soviet Union, alongside the Italian Catholic Church, revised their representation of natality in the context of a broader redefinition of the Soviet, Italian Communist and Catholic individual identity, the individual’s relationship with the collective and the role of institutional authorities in mediating between the two. By drawing attention to the intersection of literary, political and medical discourses, I argue that debates on birth control, childbirth and pain contributed to the redefinition of crucial elements in the Soviet, Italian Communist and Catholic rhetorical and ideological systems, focusing on the notion of consciousness, which emerged as a central category in the representation of women’s role in childbirth.
</DISS_para>
    </DISS_abstract>
    <DISS_binary type="PDF">Benetollo_princeton_0181D_13586.pdf</DISS_binary>
  </DISS_content>
  <DISS_restriction>
    <DISS_sales_restriction code="1" remove="05/24/2023"/>
  </DISS_restriction>
  <DISS_repository>
    <DISS_version>2011-06-17 10:38:42</DISS_version>
    <DISS_agreement_decision_date>2020-12-22 13:27:24</DISS_agreement_decision_date>
    <DISS_acceptance>1</DISS_acceptance>
    <DISS_delayed_release/>
    <DISS_access_option/>
  </DISS_repository>
  <DISS_creative_commons_license>
    <DISS_abbreviation/>
  </DISS_creative_commons_license>
</DISS_submission>
